specie;genus;phylum;protein_name;aa_quantity;gene_name_locus_tag;gene_position;link;gene_genome
Acetomicrobium_hydrogeniformans;Acetomicrobium;Synergistota;Butyrate_kinase;368;buk;8662..9768;https://www.ncbi.nlm.nih.gov/protein/WP_213697225.1;https://www.ncbi.nlm.nih.gov/nuccore/2443346287
Acetomicrobium_mobile;Acetomicrobium;Synergistota;Butyrate_kinase;359;Anamo_1855;1878022..1879101;https://www.ncbi.nlm.nih.gov/protein/AFM22441.1;https://www.ncbi.nlm.nih.gov/nuccore/390619527
Acetomicrobium_thermoterrenum;Acetomicrobium;Synergistota;Butyrate_kinase;368;buk;692..1798;https://www.ncbi.nlm.nih.gov/protein/WP_234945518.1;https://www.ncbi.nlm.nih.gov/nuccore/1223424616
Acidaminococcus_intestini;Acidaminococcus;Firmicutes;Butyrate_kinase;370;buk;35843..36955;https://www.ncbi.nlm.nih.gov/protein/EEH90458.1;https://www.ncbi.nlm.nih.gov/nuccore/224808016
Acidaminococcus_massiliensis;Acidaminococcus;Firmicutes;Butyrate_kinase;369;buk;45481..46590;https://www.ncbi.nlm.nih.gov/protein/WP_270420986.1;https://www.ncbi.nlm.nih.gov/nuccore/2427273912
Adlercreutzia_caecimuris;Adlercreutzia;Actinobacteria;Butyrate_kinase;366;buk;79484..80584;https://www.ncbi.nlm.nih.gov/protein/THG36794.1;https://www.ncbi.nlm.nih.gov/nuccore/1621926180
Aerococcus_christensenii;Aerococcus;Firmicutes;Butyrate_kinase;367;AWM71_06340;1335099..1336202;https://www.ncbi.nlm.nih.gov/protein/AMB92919.1;https://www.ncbi.nlm.nih.gov/nuccore/984718273
Aerococcus_loyolae;Aerococcus;Firmicutes;Butyrate_kinase;355;A1D21_01895;24676..25743;https://www.ncbi.nlm.nih.gov/protein/OAM70699.1;https://www.ncbi.nlm.nih.gov/nuccore/1031919984
Aerococcus_mictus;Aerococcus;Firmicutes;Butyrate_kinase;357;HMPREF2680_01695;22548..23621;https://www.ncbi.nlm.nih.gov/protein/OFM54538.1;https://www.ncbi.nlm.nih.gov/nuccore/LTIV01000011.1
Aerococcus_urinae;Aerococcus;Firmicutes;Butyrate_kinase;354;AWM73_02305;519630..520694;https://www.ncbi.nlm.nih.gov/protein/AMB95425.1;https://www.ncbi.nlm.nih.gov/nuccore/984721436
Alistipes_onderdonkii;Alistipes;Bacteroidetes;Butyrate_kinase;355;buk;31044..32111;https://www.ncbi.nlm.nih.gov/protein/WP_018695019.1;https://www.ncbi.nlm.nih.gov/nuccore/NZ_CATXDP010000008.1
Alloprevotella_tannerae;Alloprevotella;Bacteroidetes;Butyrate_kinase;354;buk;1961..3025;https://www.ncbi.nlm.nih.gov/protein/WP_006256192.1;https://www.ncbi.nlm.nih.gov/nuccore/NZ_JAENYA010000040.1
Aminithiophilus_ramosus;Aminithiophilus;Synergistota;Butyrate_kinase;362;buk;445025..446113;https://www.ncbi.nlm.nih.gov/protein/QTX32702.1;https://www.ncbi.nlm.nih.gov/nuccore/2027188528
Aminomonas_paucivorans;Aminomonas;Synergistota;Butyrate_kinase;364;buk;NA;https://www.ncbi.nlm.nih.gov/protein/WP_006300084.1;https://www.ncbi.nlm.nih.gov/nuccore/312878752
Anaeromyxobacter_dehalogenans;Anaeromyxobacter;Proteobacteria;Butyrate_kinase;368;Adeh_0042;52424..53530;https://www.ncbi.nlm.nih.gov/protein/ABC79820.1;https://www.ncbi.nlm.nih.gov/nuccore/85772941
Anaeromyxobacter_paludicola;Anaeromyxobacter;Proteobacteria;Butyrate_kinase;365;buk;NA;https://www.ncbi.nlm.nih.gov/protein/WP_248342248.1;https://www.ncbi.nlm.nih.gov/nuccore/2233582528
Anaerosalibacter_bizertensis;Anaerosalibacter;Firmicutes;Butyrate_kinase;357;buk;6417..7490;https://www.ncbi.nlm.nih.gov/protein/WP_154481680.1;https://www.ncbi.nlm.nih.gov/nuccore/NZ_JAKNID010000058.1
Anaerospora_hongkongensis;Anaerospora;Firmicutes;Butyrate_kinase;357;EV210_102407;380120..381193;https://www.ncbi.nlm.nih.gov/protein/TCL39489.1;https://www.ncbi.nlm.nih.gov/nuccore/1588266470
Anaerotruncus_colihominis;Anaerotruncus;Firmicutes;Butyrate_kinase;359;buk;40015..41094;https://www.ncbi.nlm.nih.gov/protein/WP_006873517.1;https://www.ncbi.nlm.nih.gov/nuccore/NZ_DS544174.1
Ancylomarina_longa;Ancylomarina;Bacteroidetes;Butyrate_kinase;357;buk;47657..48730;https://www.ncbi.nlm.nih.gov/protein/RUT78348.1;https://www.ncbi.nlm.nih.gov/nuccore/1547693889
Bacillus_amyloliquefaciens;Bacillus;Firmicutes;Butyrate_kinase;369;EF87_06470;114342..115451;https://www.ncbi.nlm.nih.gov/protein/KDN93521.1;https://www.ncbi.nlm.nih.gov/nuccore/641405464
Bacillus_anthracis;Bacillus;Firmicutes;Butyrate_kinase;367;HYU01_21410;3985167..3986270;https://www.ncbi.nlm.nih.gov/protein/AIF58342.1;https://www.ncbi.nlm.nih.gov/nuccore/664791652
Bacillus_cereus;Bacillus;Firmicutes;Butyrate_kinase;367;buk;195762..196865;https://www.ncbi.nlm.nih.gov/protein/WP_000115777.1;https://www.ncbi.nlm.nih.gov/nuccore/NZ_NTWE01000022.1
Bacillus_licheniformis;Bacillus;Firmicutes;Butyrate_kinase;368;buk;161000..162106;https://www.ncbi.nlm.nih.gov/protein/WP_003183337.1;https://www.ncbi.nlm.nih.gov/nuccore/NZ_NIKO01000021.1
Bacillus_mycoides;Bacillus;Firmicutes;Butyrate_kinase;372;bcere0007_38610;17814..18932;https://www.ncbi.nlm.nih.gov/protein/EEK71608.1;https://www.ncbi.nlm.nih.gov/nuccore/ACLX01000082.1
Bacillus_paralicheniformis;Bacillus;Firmicutes;Butyrate_kinase;368;buk;336563..337669;https://www.ncbi.nlm.nih.gov/protein/KFM90606.1;https://www.ncbi.nlm.nih.gov/nuccore/JMPZ01000013.1
Bacillus_pseudomycoides;Bacillus;Firmicutes;Butyrate_kinase;372;bmyco0003_35110;8828..9946;https://www.ncbi.nlm.nih.gov/protein/EEM09535.1;https://www.ncbi.nlm.nih.gov/nuccore/ACMW01000090.1
Bacillus_subtilis;Bacillus;Firmicutes;Butyrate_kinase;363;EF83_18080;24257..25348;https://www.ncbi.nlm.nih.gov/protein/KDE22385.1;https://www.ncbi.nlm.nih.gov/nuccore/635178342
Bacillus_thuringiensis;Bacillus;Firmicutes;Butyrate_kinase;367;BF15_01845;148208..149311;https://www.ncbi.nlm.nih.gov/protein/EXY09104.1;https://www.ncbi.nlm.nih.gov/nuccore/KK088345.1
Bacillus_toyonensis;Bacillus;Firmicutes;Butyrate_kinase;367;IEC_03354;495280..496383;https://www.ncbi.nlm.nih.gov/protein/EJQ37023.1;https://www.ncbi.nlm.nih.gov/nuccore/AHDI01000015.1
Bacillus_velezensis;Bacillus;Firmicutes;Butyrate_kinase;369;IO97_02995;551753..552862;https://www.ncbi.nlm.nih.gov/protein/KFI17365.1;https://www.ncbi.nlm.nih.gov/nuccore/672874383
Bacillus_wiedmannii;Bacillus;Firmicutes;Butyrate_kinase;372;bcere0006_39240;15676..16794;https://www.ncbi.nlm.nih.gov/protein/EEK65810.1;https://www.ncbi.nlm.nih.gov/nuccore/ACLW01000086.1
Bacteroides_caccae;Bacteroides;Bacteroidetes;Butyrate_kinase;353;buk2;57053..58114;https://www.ncbi.nlm.nih.gov/protein/CUQ15588.1;https://www.ncbi.nlm.nih.gov/nuccore/933263051
Bacteroides_fragilis;Bacteroides;Bacteroidetes;Butyrate_kinase;371;buk;253671..254786;https://www.ncbi.nlm.nih.gov/protein/EEZ24258.1;https://www.ncbi.nlm.nih.gov/nuccore/263252550
Bacteroides_ovatus;Bacteroides;Bacteroidetes;Butyrate_kinase;353;buk;32477..33538;https://www.ncbi.nlm.nih.gov/protein/WP_032844185.1;https://www.ncbi.nlm.nih.gov/nuccore/696267245
Bacteroides_stercoris;Bacteroides;Bacteroidetes;Butyrate_kinase;353;buk;26927..27988;https://www.ncbi.nlm.nih.gov/protein/WP_005655311.1;https://www.ncbi.nlm.nih.gov/nuccore/NZ_FNOD01000030.1
Bacteroides_thetaiotaomicron;Bacteroides;Bacteroidetes;Butyrate_kinase;353;BSIG_4971;45217..46278;https://www.ncbi.nlm.nih.gov/protein/EES66058.1;https://www.ncbi.nlm.nih.gov/nuccore/ACIC02000029.1
Bacteroides_uniformis;Bacteroides;Bacteroidetes;Butyrate_kinase;360;buk2;549985..551067;https://www.ncbi.nlm.nih.gov/protein/CUP66233.1;https://www.ncbi.nlm.nih.gov/nuccore/933179904
Bacteroides_xylanisolvens;Bacteroides;Bacteroidetes;Butyrate_kinase;353;buk2;84..1145;https://www.ncbi.nlm.nih.gov/protein/CUO57989.1;https://www.ncbi.nlm.nih.gov/nuccore/933387996
Bilophila_wadsworthia;Bilophila;Thermodesulfobacteria;Butyrate_kinase;357;buk;16581..17654;https://www.ncbi.nlm.nih.gov/protein/WP_005026173.1;https://www.ncbi.nlm.nih.gov/nuccore/NZ_CANARR010000041.1
Blautia_hydrogenotrophica;Blautia;Firmicutes;Butyrate_kinase;356;buk;258387..259448;https://www.ncbi.nlm.nih.gov/protein/WP_005945607.1;https://www.ncbi.nlm.nih.gov/nuccore/NZ_JAESIR010000003.1
Brochothrix_campestris;Brochothrix;Firmicutes;Butyrate_kinase;361;buk;21580..22665;https://www.ncbi.nlm.nih.gov/protein/WP_035313292.1;https://www.ncbi.nlm.nih.gov/nuccore/737331008
Brochothrix_thermosphacta;Brochothrix;Firmicutes;Butyrate_kinase;363;buk;22967..24058;https://www.ncbi.nlm.nih.gov/protein/WP_029092303.1;https://www.ncbi.nlm.nih.gov/nuccore/NZ_MDLK01000036.1
Budvicia_aquatica;Budvicia;Proteobacteria;Butyrate_kinase;354;buk;8143..9207;https://www.ncbi.nlm.nih.gov/protein/WP_029096912.1;https://www.ncbi.nlm.nih.gov/nuccore/NZ_KE386589.1
Butyricimonas_faecihominis;Butyricimonas;Bacteroidetes;Butyrate_kinase;357;buk;19848..20921;https://www.ncbi.nlm.nih.gov/protein/KAB1507585.1;https://www.ncbi.nlm.nih.gov/nuccore/1756910486
Butyricimonas_virosa;Butyricimonas;Bacteroidetes;Butyrate_kinase;357;buk;154407..155480;https://www.ncbi.nlm.nih.gov/protein/RGL90467.1;https://www.ncbi.nlm.nih.gov/nuccore/1466859516
Caldisalinibacter_kiritimatiensis;Caldisalinibacter;Firmicutes;Butyrate_kinase;358;L21TH_2281;14..1090;https://www.ncbi.nlm.nih.gov/protein/EOC99638.1;https://www.ncbi.nlm.nih.gov/nuccore/485594873
Caldisericum_exile;Caldisericum;Caldisericota;Butyrate_kinase;356;buk;192648..193718;https://www.ncbi.nlm.nih.gov/protein/BAL80336.1;https://www.ncbi.nlm.nih.gov/nuccore/381363297
Calditerrivibrio_nitroreducens;Calditerrivibrio;Deferribacteres;Butyrate_kinase;353;Calni_0775;814752..815813;https://www.ncbi.nlm.nih.gov/protein/ADR18686.1;https://www.ncbi.nlm.nih.gov/nuccore/312938725
Caldithrix_abyssi;Caldithrix;Calditrichota;Butyrate_kinase;359;buk;2758639..2759718;https://www.ncbi.nlm.nih.gov/protein/APF19059.1;https://www.ncbi.nlm.nih.gov/nuccore/1108618394
Caloranaerobacter_azorensis;Caloranaerobacter;Firmicutes;Butyrate_kinase;358;buk;11835..12911;https://www.ncbi.nlm.nih.gov/protein/WP_035163894.1;https://www.ncbi.nlm.nih.gov/nuccore/NZ_CAJUGK010000072.1
Cloacibacillus_evryensis;Cloacibacillus;Synergistota;Butyrate_kinase;357;buk;16402..17475;https://www.ncbi.nlm.nih.gov/protein/WP_008710121.1;https://www.ncbi.nlm.nih.gov/nuccore/NZ_CAJLEK010000044.1
Cloacibacillus_porcorum;Cloacibacillus;Synergistota;Butyrate_kinase;359;BED41_10245;2272235..2273314;https://www.ncbi.nlm.nih.gov/protein/ANZ45408.1;https://www.ncbi.nlm.nih.gov/nuccore/1050315908
Clostridioides_difficile;Clostridioides;Firmicutes;Butyrate_kinase;356;buk;13715..14785;https://www.ncbi.nlm.nih.gov/protein/WP_003416791.1;https://www.ncbi.nlm.nih.gov/nuccore/NZ_JAXKVB010000055.1
Clostridium_beijerinckii;Clostridium;Firmicutes;Butyrate_kinase;356;buk;165738..166808;https://www.ncbi.nlm.nih.gov/protein/WP_012060163.1;https://www.ncbi.nlm.nih.gov/nuccore/NZ_LZZH01000008.1
Clostridium_botulinum;Clostridium;Firmicutes;Butyrate_kinase;364;buk;56355..57425;https://www.ncbi.nlm.nih.gov/protein/WP_003357265.1;https://www.ncbi.nlm.nih.gov/nuccore/NZ_JANIBU010000070.1
Clostridium_butyricum;Clostridium;Firmicutes;Butyrate_kinase;355;OA81_13190;68598..69665;https://www.ncbi.nlm.nih.gov/protein/KHD14834.1;https://www.ncbi.nlm.nih.gov/nuccore/723448667
Clostridium_perfringens;Clostridium;Firmicutes;Butyrate_kinase;356;bukA;99..1169;https://www.ncbi.nlm.nih.gov/protein/BAA74725.1;https://www.ncbi.nlm.nih.gov/nuccore/4239871
Collinsella_aerofaciens;Collinsella;Actinobacteria;Butyrate_kinase;370;buk;11073..12185;https://www.ncbi.nlm.nih.gov/protein/WP_055251385.1;https://www.ncbi.nlm.nih.gov/nuccore/NZ_CZAQ01000012.1
Coprococcus_comes;Coprococcus;Firmicutes;Butyrate_kinase;356;buk;34610..35680;https://www.ncbi.nlm.nih.gov/protein/WP_022220770.1;https://www.ncbi.nlm.nih.gov/nuccore/NZ_JADNES010000008.1
Coprococcus_eutactus;Coprococcus;Firmicutes;Butyrate_kinase;355;buk;34121..35188;https://www.ncbi.nlm.nih.gov/protein/WP_004853195.1;https://www.ncbi.nlm.nih.gov/nuccore/NZ_JANGCI010000012.1
Coprothermobacter_proteolyticus;Coprothermobacter;Coprothermobacterota;Butyrate_kinase;356;buk;312457..313527;https://www.ncbi.nlm.nih.gov/protein/WP_012544774.1;https://www.ncbi.nlm.nih.gov/nuccore/NZ_PXJB01000001.1
Cytobacillus_firmus;Cytobacillus;Firmicutes;Butyrate_kinase;369;buk;55381..56490;https://www.ncbi.nlm.nih.gov/protein/WP_035330018.1;https://www.ncbi.nlm.nih.gov/nuccore/737347966
Defluviitoga_tunisiensis;Defluviitoga;Thermotogota;Butyrate_kinase_2;354;buk2;1713440..1714504;https://www.ncbi.nlm.nih.gov/protein/CEP78861.1;https://www.ncbi.nlm.nih.gov/nuccore/762219508
Deinococcus_ficus;Deinococcus;Deinococcota;Butyrate_kinase;369;H564_RS0109660;75359..76468;https://www.ncbi.nlm.nih.gov/protein/WP_027462953.1;https://www.ncbi.nlm.nih.gov/nuccore/NZ_AUMV01000006.1
Deinococcus_metallilatus;Deinococcus;Deinococcota;Butyrate_kinase;356;ERJ73_13875;19370..20440;https://www.ncbi.nlm.nih.gov/protein/RXJ09669.1;https://www.ncbi.nlm.nih.gov/nuccore/1562778371
Deinococcus_radiodurans;Deinococcus;Deinococcota;Butyrate_kinase;381;BS32_RS0102795;159977..161122;https://www.ncbi.nlm.nih.gov/protein/WP_034349597.1;https://www.ncbi.nlm.nih.gov/nuccore/NZ_JMLF01000002.1
Deinococcus_wulumuqiensis;Deinococcus;Deinococcota;Butyrate_kinase;382;IMY20_RS11050;19179..20327;https://www.ncbi.nlm.nih.gov/protein/WP_017870799.1;https://www.ncbi.nlm.nih.gov/nuccore/NZ_JADAKX010000036.1
Dermatophilus_congolensis;Dermatophilus;Actinobacteria;Butyrate_kinase_2;353;buk2;1420830..1421891;https://www.ncbi.nlm.nih.gov/protein/SNV21490.1;https://www.ncbi.nlm.nih.gov/nuccore/1231704955
Desulfatibacillum_aliphaticivorans;Desulfatibacillum;Thermodesulfobacteria;Butyrate_kinase;731;G491_RS0126965;181942..184137;https://www.ncbi.nlm.nih.gov/protein/WP_028316747.1;https://www.ncbi.nlm.nih.gov/nuccore/654864584
Desulfovibrio_desulfuricans;Desulfovibrio;Thermodesulfobacteria;Butyrate_kinase;358;buk;40053..41129;https://www.ncbi.nlm.nih.gov/protein/WP_022659687.1;https://www.ncbi.nlm.nih.gov/nuccore/NZ_ATUZ01000017.1
Desulfovibrio_legallii;Desulfovibrio;Thermodesulfobacteria;Butyrate_kinase;366;SAMN05192586_101254;278902..280002;https://www.ncbi.nlm.nih.gov/protein/SDF10823.1;https://www.ncbi.nlm.nih.gov/nuccore/1086185925
Dethiosulfatibacter_aminovorans;Dethiosulfatibacter;Firmicutes;Butyrate_kinase;355;buk;176935..178002;https://www.ncbi.nlm.nih.gov/protein/WP_073048626.1;https://www.ncbi.nlm.nih.gov/nuccore/1120182828
Dethiosulfovibrio_peptidovorans;Dethiosulfovibrio;Synergistota;Butyrate_kinase;362;Dpep_1567;1652793..1653881;https://www.ncbi.nlm.nih.gov/protein/EFC91593.1;https://www.ncbi.nlm.nih.gov/nuccore/288568475
Dielma_fastidiosa;Dielma;Firmicutes;Butyrate_kinase;369;buk;63307..64416;https://www.ncbi.nlm.nih.gov/protein/WP_022936389.1;https://www.ncbi.nlm.nih.gov/nuccore/NZ_QJKH01000001.1
Dolosicoccus_paucivorans;Dolosicoccus;Firmicutes;Butyrate_kinase;353;SAMN04487994_10554;2424..3485;https://www.ncbi.nlm.nih.gov/protein/SDI83272.1;https://www.ncbi.nlm.nih.gov/nuccore/1086107722
Draconibacterium_orientale;Draconibacterium;Bacteroidetes;Butyrate_kinase;360;FH5T_20530;4775471..4776553;https://www.ncbi.nlm.nih.gov/protein/AHW61197.1;https://www.ncbi.nlm.nih.gov/nuccore/610421280
Elusimicrobium_minutum;Elusimicrobium;Elusimicrobia;Butyrate_kinase;370;buk;NA;https://www.ncbi.nlm.nih.gov/protein/WP_012415531.1;https://www.ncbi.nlm.nih.gov/nuccore/187250423
Enterocloster_bolteae;Enterocloster;Firmicutes;Butyrate_kinase;362;buk;20622..21710;https://www.ncbi.nlm.nih.gov/protein/WP_002564962.1;https://www.ncbi.nlm.nih.gov/nuccore/NZ_JAWXYN010000195.1
Enterocloster_clostridioformis;Enterocloster;Firmicutes;Butyrate_kinase;370;buk;4286..5398;https://www.ncbi.nlm.nih.gov/protein/WP_002584358.1;https://www.ncbi.nlm.nih.gov/nuccore/NZ_JAQLDB010000197.1
Enterococcus_avium;Enterococcus;Firmicutes;Butyrate_kinase;356;buk;19745..20815;https://www.ncbi.nlm.nih.gov/protein/WP_049221411.1;https://www.ncbi.nlm.nih.gov/nuccore/NZ_JAXHVV010000041.1
Enterococcus_faecalis;Enterococcus;Firmicutes;Butyrate_kinase;360;ENT_10660;1031067..1032149;https://www.ncbi.nlm.nih.gov/protein/CBL31694.1;https://www.ncbi.nlm.nih.gov/nuccore/295112306
Erysipelothrix_rhusiopathiae;Erysipelothrix;Firmicutes;Butyrate_kinase;351;buk;395186..396241;https://www.ncbi.nlm.nih.gov/protein/WP_003774744.1;https://www.ncbi.nlm.nih.gov/nuccore/NZ_ACLK02000002.1
Eubacterium_ramulus;Eubacterium;Firmicutes;Butyrate_kinase;358;buk;65283..66359;https://www.ncbi.nlm.nih.gov/protein/WP_044962586.1;https://www.ncbi.nlm.nih.gov/nuccore/NZ_KI271089.1
Eubacterium_ventriosum;Eubacterium;Firmicutes;Butyrate_kinase;355;buk;74716..75783;https://www.ncbi.nlm.nih.gov/protein/WP_005363839.1;https://www.ncbi.nlm.nih.gov/nuccore/NZ_QSGJ01000011.1
Fervidobacterium_pennivorans;Fervidobacterium;Thermotogota;Butyrate_kinase;361;JM64_04840;1034842..1035927;https://www.ncbi.nlm.nih.gov/protein/ANE41374.1;https://www.ncbi.nlm.nih.gov/nuccore/1028457653
Flavonifractor_plautii;Flavonifractor;Firmicutes;Butyrate_kinase;360;buk;5260..6342;https://www.ncbi.nlm.nih.gov/protein/WP_007492431.1;https://www.ncbi.nlm.nih.gov/nuccore/NZ_JH417800.1
Gemella_haemolysans;Gemella;Firmicutes;Butyrate_kinase;354;buk;160534..161598;https://www.ncbi.nlm.nih.gov/protein/WP_003147583.1;https://www.ncbi.nlm.nih.gov/nuccore/NZ_GL883584.1
Geobacillus_stearothermophilus;Geobacillus;Firmicutes;Butyrate_kinase;370;ET31_05850;28097..29209;https://www.ncbi.nlm.nih.gov/protein/KFL16546.1;https://www.ncbi.nlm.nih.gov/nuccore/674750010
Geobacter_argillaceus;Geobacter;Thermodesulfobacteria;Butyrate_kinase;371;JN12_03970;9173..10288;https://www.ncbi.nlm.nih.gov/protein/TWJ13193.1;https://www.ncbi.nlm.nih.gov/nuccore/1716286975
Geobacter_metallireducens;Geobacter;Thermodesulfobacteria;Butyrate_kinase;362;buk;36378..37466;https://www.ncbi.nlm.nih.gov/protein/WP_004513077.1;https://www.ncbi.nlm.nih.gov/nuccore/NZ_AGJM01000014.1
Geomonas_subterranea;Geomonas;Thermodesulfobacteria;Butyrate_kinase;357;buk;416314..417387;https://www.ncbi.nlm.nih.gov/protein/QXE91300.1;https://www.ncbi.nlm.nih.gov/nuccore/2060227305
Geotoga_petraea;Geotoga;Thermotogota;Butyrate_kinase;356;SAMN04488588_0118;144111..145181;https://www.ncbi.nlm.nih.gov/protein/SDB97737.1;https://www.ncbi.nlm.nih.gov/nuccore/1086128515
Gudongella_oleilytica;Gudongella;Firmicutes;Butyrate_kinase;357;buk;147320..148393;https://www.ncbi.nlm.nih.gov/protein/WP_240671466.1;https://www.ncbi.nlm.nih.gov/nuccore/NZ_JAVESE010000004.1
Hoylesella_buccalis;Hoylesella;Bacteroidetes;Butyrate_kinase;354;buk;15955..17019;https://www.ncbi.nlm.nih.gov/protein/WP_004347329.1;https://www.ncbi.nlm.nih.gov/nuccore/282876899
Hungatella_hathewayi;Hungatella;Firmicutes;Butyrate_kinase;360;buk;1023..2105;https://www.ncbi.nlm.nih.gov/protein/WP_006781974.1;https://www.ncbi.nlm.nih.gov/nuccore/NZ_CABLBO010000111.1
Ilyobacter_polytropus;Ilyobacter;Fusobacteria;Butyrate_kinase;352;Ilyop_0736;835313..836371;https://www.ncbi.nlm.nih.gov/protein/ADO82522.1;https://www.ncbi.nlm.nih.gov/nuccore/309747128
Intestinibacter_bartlettii;Intestinibacter;Firmicutes;Butyrate_kinase;364;buk;9559..10653;https://www.ncbi.nlm.nih.gov/protein/WP_007286285.1;https://www.ncbi.nlm.nih.gov/nuccore/NZ_CAKVLO010000021.1
Jeotgalicoccus_aerolatus;Jeotgalicoccus;Firmicutes;Butyrate_kinase;361;SAMN05216187_101108;88807..89892;https://www.ncbi.nlm.nih.gov/protein/SDJ57149.1;https://www.ncbi.nlm.nih.gov/nuccore/1086147171
Keratinibaculum_paraultunense;Keratinibaculum;Firmicutes;Butyrate_kinase;357;EDD65_11432;29618..30691;https://www.ncbi.nlm.nih.gov/protein/TCS86638.1;https://www.ncbi.nlm.nih.gov/nuccore/1589021547
Kosakonia_oryzae;Kosakonia;Proteobacteria;Butyrate_kinase;356;buk;41396..42466;https://www.ncbi.nlm.nih.gov/protein/ANI80641.1;https://www.ncbi.nlm.nih.gov/nuccore/2001306149
Kosakonia_pseudosacchari;Kosakonia;Proteobacteria;Butyrate_kinase;356;buk;33864..34934;https://www.ncbi.nlm.nih.gov/protein/PDO82616.1;https://www.ncbi.nlm.nih.gov/nuccore/1253565640
Kosakonia_radicincitans;Kosakonia;Proteobacteria;Butyrate_kinase;356;SAMN03159294_3622;88007..89077;https://www.ncbi.nlm.nih.gov/protein/SET37107.1;https://www.ncbi.nlm.nih.gov/nuccore/1094879658
Kosakonia_sacchari;Kosakonia;Proteobacteria;Butyrate_kinase;356;BBB57_04425;912867..913937;https://www.ncbi.nlm.nih.gov/protein/ANR77563.1;https://www.ncbi.nlm.nih.gov/nuccore/1043189580
Kosmotoga_pacifica;Kosmotoga;Thermotogota;Butyrate_kinase;357;IX53_10330;2160989..2162062;https://www.ncbi.nlm.nih.gov/protein/AKI98158.1;https://www.ncbi.nlm.nih.gov/nuccore/827411924
Labilibaculum_antarcticum;Labilibaculum;Bacteroidetes;Butyrate_kinase;357;ALGA_1551;2013605..2014678;https://www.ncbi.nlm.nih.gov/protein/BAX79927.1;https://www.ncbi.nlm.nih.gov/nuccore/1201275116
Labilibaculum_euxinus;Labilibaculum;Bacteroidetes;Butyrate_kinase;358;buk;341544..342620;https://www.ncbi.nlm.nih.gov/protein/WP_124991572.1;https://www.ncbi.nlm.nih.gov/nuccore/NZ_WTCR01000002.1
Labilibaculum_filiforme;Labilibaculum;Bacteroidetes;Butyrate_kinase;357;BZG02_18975;44663..45736;https://www.ncbi.nlm.nih.gov/protein/PKQ60549.1;https://www.ncbi.nlm.nih.gov/nuccore/1314788511
Labilibaculum_manganireducens;Labilibaculum;Bacteroidetes;Butyrate_kinase;357;BZG01_20330;5173..6246;https://www.ncbi.nlm.nih.gov/protein/PKQ60815.1;https://www.ncbi.nlm.nih.gov/nuccore/1314788817
Laceyella_sacchari;Laceyella;Firmicutes;Butyrate_kinase;369;C1X05_06720;1325126..1326235;https://www.ncbi.nlm.nih.gov/protein/AUS08556.1;https://www.ncbi.nlm.nih.gov/nuccore/1332737940
Lacticaseibacillus_casei;Lacticaseibacillus;Firmicutes;Butyrate_kinase;373;BOQ55_00120;25959..27080;https://www.ncbi.nlm.nih.gov/protein/OJF75464.1;https://www.ncbi.nlm.nih.gov/nuccore/1104590076
Lacticaseibacillus_paracasei;Lacticaseibacillus;Firmicutes;Butyrate_kinase;373;LCA32G_2353;95840..96961;https://www.ncbi.nlm.nih.gov/protein/EKP99451.1;https://www.ncbi.nlm.nih.gov/nuccore/410524452
Lacticaseibacillus_rhamnosus;Lacticaseibacillus;Firmicutes;Butyrate_kinase;374;PY66_10805;12746..13870;https://www.ncbi.nlm.nih.gov/protein/OAU12716.1;https://www.ncbi.nlm.nih.gov/nuccore/1034333477
Lawsonibacter_asaccharolyticus;Lawsonibacter;Firmicutes;Butyrate_kinase;363;buk;1800526..1801617;https://www.ncbi.nlm.nih.gov/protein/UMM45644.1;https://www.ncbi.nlm.nih.gov/nuccore/2202875140
Leyella_stercorea;Leyella;Bacteroidetes;Butyrate_kinase;353;buk;12536..13597;https://www.ncbi.nlm.nih.gov/protein/WP_007898252.1;https://www.ncbi.nlm.nih.gov/nuccore/NZ_JH379395.1
Listeria_aquatica;Listeria;Firmicutes;Butyrate_kinase;221;MAQA_RS09225;31561..32226;https://www.ncbi.nlm.nih.gov/protein/WP_277619972.1;https://www.ncbi.nlm.nih.gov/nuccore/738115538
Listeria_booriae;Listeria;Firmicutes;Butyrate_kinase;357;EP57_06945;169353..170426;https://www.ncbi.nlm.nih.gov/protein/KGL41571.1;https://www.ncbi.nlm.nih.gov/nuccore/696202193
Listeria_cossartiae;Listeria;Firmicutes;Butyrate_kinase;355;buk;343800..344867;https://www.ncbi.nlm.nih.gov/protein/WP_185395936.1;https://www.ncbi.nlm.nih.gov/nuccore/1893456568
Listeria_fleischmannii;Listeria;Firmicutes;Butyrate_kinase;355;buk;5749..6816;https://www.ncbi.nlm.nih.gov/protein/WP_007475821.1;https://www.ncbi.nlm.nih.gov/nuccore/NZ_ALWW01000029.1
Listeria_grandensis;Listeria;Firmicutes;Butyrate_kinase;357;buk;519946..521019;https://www.ncbi.nlm.nih.gov/protein/WP_149023963.1;https://www.ncbi.nlm.nih.gov/nuccore/738106824
Listeria_innocua;Listeria;Firmicutes;Butyrate_kinase;355;buk;144956..146023;https://www.ncbi.nlm.nih.gov/protein/WP_003762134.1;https://www.ncbi.nlm.nih.gov/nuccore/2388076555
Listeria_ivanovii;Listeria;Firmicutes;Butyrate_kinase;355;buk;14467..15534;https://www.ncbi.nlm.nih.gov/protein/WP_003719645.1;https://www.ncbi.nlm.nih.gov/nuccore/NZ_RBYG01000020.1
Listeria_marthii;Listeria;Firmicutes;Butyrate_kinase;355;buk;344906..345973;https://www.ncbi.nlm.nih.gov/protein/WP_008947748.1;https://www.ncbi.nlm.nih.gov/nuccore/NZ_JAASWI010000002.1
Listeria_monocytogenes;Listeria;Firmicutes;Butyrate_kinase;355;buk;131478..132545;https://www.ncbi.nlm.nih.gov/protein/WP_003722496.1;https://www.ncbi.nlm.nih.gov/nuccore/NZ_JAXQME010000005.1
Listeria_newyorkensis;Listeria;Firmicutes;Butyrate_kinase;357;EP58_13230;158844..159917;https://www.ncbi.nlm.nih.gov/protein/KGL40112.1;https://www.ncbi.nlm.nih.gov/nuccore/696200708
Listeria_rocourtiae;Listeria;Firmicutes;Butyrate_kinase;357;buk;271238..272311;https://www.ncbi.nlm.nih.gov/protein/WP_036069615.1;https://www.ncbi.nlm.nih.gov/nuccore/NZ_AODK01000006.1
Listeria_seeligeri;Listeria;Firmicutes;Butyrate_kinase;355;buk;48026..49093;https://www.ncbi.nlm.nih.gov/protein/WP_003747580.1;https://www.ncbi.nlm.nih.gov/nuccore/NZ_JABXNQ010000031.1
Listeria_weihenstephanensis;Listeria;Firmicutes;Butyrate_kinase;359;UE46_08505;1762240..1763319;https://www.ncbi.nlm.nih.gov/protein/AQY51080.1;https://www.ncbi.nlm.nih.gov/nuccore/1158669182
Listeria_welshimeri;Listeria;Firmicutes;Butyrate_kinase;355;buk;263120..264187;https://www.ncbi.nlm.nih.gov/protein/WP_011702183.1;https://www.ncbi.nlm.nih.gov/nuccore/NZ_JACTLD010000004.1
Macrococcoides_bohemicum;Macrococcoides;Firmicutes;Butyrate_kinase;356;buk;290387..291457;https://www.ncbi.nlm.nih.gov/protein/RAK49857.1;https://www.ncbi.nlm.nih.gov/nuccore/1407694971
Macrococcoides_goetzii;Macrococcoides;Firmicutes;Butyrate_kinase;356;buk;122825..123895;https://www.ncbi.nlm.nih.gov/protein/WP_099579332.1;https://www.ncbi.nlm.nih.gov/nuccore/1473489383
Macrococcus_epidermidis;Macrococcus;Firmicutes;Butyrate_kinase;356;buk;80270..81340;https://www.ncbi.nlm.nih.gov/protein/RAK44667.1;https://www.ncbi.nlm.nih.gov/nuccore/1407689939
Mammaliicoccus_fleurettii;Mammaliicoccus;Firmicutes;Butyrate_kinase;353;B2G86_02610;215972..217033;https://www.ncbi.nlm.nih.gov/protein/OOV78582.1;https://www.ncbi.nlm.nih.gov/nuccore/1151989324
Mammaliicoccus_lentus;Mammaliicoccus;Firmicutes;Butyrate_kinase;353;AXY34_05770;2897..3958;https://www.ncbi.nlm.nih.gov/protein/OAO23736.1;https://www.ncbi.nlm.nih.gov/nuccore/1032206465
Mammaliicoccus_sciuri;Mammaliicoccus;Firmicutes;Butyrate_kinase;353;buk;6372..7433;https://www.ncbi.nlm.nih.gov/protein/WP_025904930.1;https://www.ncbi.nlm.nih.gov/nuccore/647631987
Mammaliicoccus_vitulinus;Mammaliicoccus;Firmicutes;Butyrate_kinase;353;buk;13971..15032;https://www.ncbi.nlm.nih.gov/protein/WP_016911718.1;https://www.ncbi.nlm.nih.gov/nuccore/NZ_QXTO01000047.1
Marinifilum_breve;Marinifilum;Bacteroidetes;Butyrate_kinase;357;buk;208109..209182;https://www.ncbi.nlm.nih.gov/protein/PXX97138.1;https://www.ncbi.nlm.nih.gov/nuccore/1398033579
Marinifilum_flexuosum;Marinifilum;Bacteroidetes;Butyrate_kinase;358;BXY64_3322;27012..28088;https://www.ncbi.nlm.nih.gov/protein/RKD98463.1;https://www.ncbi.nlm.nih.gov/nuccore/1485414520
Marinifilum_fragile;Marinifilum;Bacteroidetes;Butyrate_kinase;357;buk;210843..211916;https://www.ncbi.nlm.nih.gov/protein/WP_054715398.1;https://www.ncbi.nlm.nih.gov/nuccore/938943085
Marinilabilia_salmonicolor;Marinilabilia;Bacteroidetes;Butyrate_kinase;358;buk;98964..100040;https://www.ncbi.nlm.nih.gov/protein/WP_010663671.1;https://www.ncbi.nlm.nih.gov/nuccore/409167230
Marispirochaeta_aestuarii;Marispirochaeta;Spirochaetota;Butyrate_kinase;361;B4O97_08820;175730..176815;https://www.ncbi.nlm.nih.gov/protein/ORC35732.1;https://www.ncbi.nlm.nih.gov/nuccore/1177280185
Mediterranea_massiliensis;Mediterranea;Bacteroidetes;Butyrate_kinase;360;buk;5603..6685;https://www.ncbi.nlm.nih.gov/protein/WP_022020280.1;https://www.ncbi.nlm.nih.gov/nuccore/2468572705
Mesotoga_infera;Mesotoga;Thermotogota;Butyrate_kinase;349;buk;NA;https://www.ncbi.nlm.nih.gov/protein/WP_169699187.1;https://www.ncbi.nlm.nih.gov/nuccore/1838728911
Mesotoga_prima;Mesotoga;Thermotogota;Butyrate_kinase;362;buk;17249..18337;https://www.ncbi.nlm.nih.gov/protein/WP_324423998.1;https://www.ncbi.nlm.nih.gov/nuccore/NZ_DAIQWV010000018.1
Niallia_circulans;Niallia;Firmicutes;Butyrate_kinase;363;ABW02_06355;54544..55635;https://www.ncbi.nlm.nih.gov/protein/KLV27146.1;https://www.ncbi.nlm.nih.gov/nuccore/837644210
Nitratidesulfovibrio_vulgaris;Nitratidesulfovibrio;Thermodesulfobacteria;Butyrate_kinase;372;buk;NA;https://www.ncbi.nlm.nih.gov/protein/WP_010937931.1;NA
Occallatibacter_riparius;Occallatibacter;Acidobacteria;Butyrate_kinase;375;buk;6741487..6742614;https://www.ncbi.nlm.nih.gov/protein/UWZ84284.1;https://www.ncbi.nlm.nih.gov/nuccore/2304899767
Oceanotoga_teriensis;Oceanotoga;Thermotogota;Butyrate_kinase;355;C7380_1257;16546..17613;https://www.ncbi.nlm.nih.gov/protein/PWJ87267.1;https://www.ncbi.nlm.nih.gov/nuccore/1390789251
Odoribacter_laneus;Odoribacter;Bacteroidetes;Butyrate_kinase;356;buk;14544..15614;https://www.ncbi.nlm.nih.gov/protein/WP_009136043.1;https://www.ncbi.nlm.nih.gov/nuccore/NZ_CATZVP010000019.1
Odoribacter_splanchnicus;Odoribacter;Bacteroidetes;Butyrate_kinase;356;buk;4053..5123;https://www.ncbi.nlm.nih.gov/protein/WP_022160884.1;https://www.ncbi.nlm.nih.gov/nuccore/547747782
Olsenella_uli;Olsenella;Actinobacteria;Butyrate_kinase;372;buk;81803..82921;https://www.ncbi.nlm.nih.gov/protein/WP_036576509.1;https://www.ncbi.nlm.nih.gov/nuccore/NZ_JANC01000014.1
Paenibacillus_odorifer;Paenibacillus;Firmicutes;Butyrate_kinase;377;BSO21_07905;18431..19564;https://www.ncbi.nlm.nih.gov/protein/OMD36028.1;https://www.ncbi.nlm.nih.gov/nuccore/1133043390
Paraclostridium_bifermentans;Paraclostridium;Firmicutes;Butyrate_kinase;367;buk;3747..4850;https://www.ncbi.nlm.nih.gov/protein/WP_021428249.1;https://www.ncbi.nlm.nih.gov/nuccore/NZ_JAJLQV010000007.1
Paraclostridium_sordellii;Paraclostridium;Firmicutes;Butyrate_kinase;367;buk;125795..126898;https://www.ncbi.nlm.nih.gov/protein/WP_021127420.1;https://www.ncbi.nlm.nih.gov/nuccore/NZ_JAQEUT010000008.1
Parafannyhessea_umbonata;Parafannyhessea;Actinobacteria;Butyrate_kinase;374;SAMN04489857_1313;1430029..1431153;https://www.ncbi.nlm.nih.gov/protein/SDR82505.1;https://www.ncbi.nlm.nih.gov/nuccore/1085873909
Parageobacillus_thermoglucosidasius;Parageobacillus;Firmicutes;Butyrate_kinase;369;buk;9705..10814;https://www.ncbi.nlm.nih.gov/protein/WP_003249298.1;https://www.ncbi.nlm.nih.gov/nuccore/NZ_JARTKL010000012.1
Paratractidigestivibacter_faecalis;Paratractidigestivibacter;Actinobacteria;Butyrate_kinase;376;buk;90302..91432;https://www.ncbi.nlm.nih.gov/protein/WP_304203555.1;https://www.ncbi.nlm.nih.gov/nuccore/2556455442
Pelosinus_fermentans;Pelosinus;Firmicutes;Butyrate_kinase;365;buk;406110..407207;https://www.ncbi.nlm.nih.gov/protein/WP_007950242.1;https://www.ncbi.nlm.nih.gov/nuccore/421072707
Petrotoga_mobilis;Petrotoga;Thermotogota;Butyrate_kinase;355;Pmob_1472;1586988..1588055;https://www.ncbi.nlm.nih.gov/protein/ABX32175.1;https://www.ncbi.nlm.nih.gov/nuccore/160359135
Petrotoga_olearia;Petrotoga;Thermotogota;Butyrate_kinase;362;buk;51059..52147;https://www.ncbi.nlm.nih.gov/protein/WP_103067081.1;https://www.ncbi.nlm.nih.gov/nuccore/NZ_REFG01000008.1
Phocaeicola_barnesiae;Phocaeicola;Bacteroidetes;Butyrate_kinase;373;buk;52662..53783;https://www.ncbi.nlm.nih.gov/protein/WP_018710074.1;https://www.ncbi.nlm.nih.gov/nuccore/NZ_DYUJ01000010.1
Phocaeicola_coprocola;Phocaeicola;Bacteroidetes;Butyrate_kinase;354;buk;21934..22998;https://www.ncbi.nlm.nih.gov/protein/RGR99759.1;https://www.ncbi.nlm.nih.gov/nuccore/1469634361
Phocaeicola_coprophilus;Phocaeicola;Bacteroidetes;Butyrate_kinase;362;buk;54240..55328;https://www.ncbi.nlm.nih.gov/protein/WP_040311017.1;https://www.ncbi.nlm.nih.gov/nuccore/NZ_EQ973631.1
Phocaeicola_dorei;Phocaeicola;Bacteroidetes;Butyrate_kinase;354;buk;24257..25321;https://www.ncbi.nlm.nih.gov/protein/WP_007834585.1;https://www.ncbi.nlm.nih.gov/nuccore/NZ_JAQDJF010000023.1
Phocaeicola_plebeius;Phocaeicola;Bacteroidetes;Butyrate_kinase;358;buk;4652..5728;https://www.ncbi.nlm.nih.gov/protein/WP_022053249.1;https://www.ncbi.nlm.nih.gov/nuccore/547322042
Phocaeicola_salanitronis;Phocaeicola;Bacteroidetes;Butyrate_kinase;356;buk;122538..123608;https://www.ncbi.nlm.nih.gov/protein/WP_277232518.1;https://www.ncbi.nlm.nih.gov/nuccore/2470059397
Phocaeicola_sartorii;Phocaeicola;Bacteroidetes;Butyrate_kinase;354;C802_00618;280036..281100;https://www.ncbi.nlm.nih.gov/protein/EOS15283.1;https://www.ncbi.nlm.nih.gov/nuccore/ASSP01000005.1
Phocaeicola_vulgatus;Phocaeicola;Bacteroidetes;Butyrate_kinase;354;buk;36805..37869;https://www.ncbi.nlm.nih.gov/protein/WP_032953058.1;https://www.ncbi.nlm.nih.gov/nuccore/NZ_JAHYLO010000046.1
Planococcus_donghaensis;Planococcus;Firmicutes;Butyrate_kinase;360;buk;34411..35493;https://www.ncbi.nlm.nih.gov/protein/WP_008429998.1;https://www.ncbi.nlm.nih.gov/nuccore/323488904
Planococcus_glaciei;Planococcus;Firmicutes;Butyrate_kinase;362;buk;26406..27494;https://www.ncbi.nlm.nih.gov/protein/WP_036809225.1;https://www.ncbi.nlm.nih.gov/nuccore/738922540
Planococcus_maritimus;Planococcus;Firmicutes;Butyrate_kinase;361;AY633_09965;16131..17216;https://www.ncbi.nlm.nih.gov/protein/KYG57939.1;https://www.ncbi.nlm.nih.gov/nuccore/1005818270
Planomicrobium_okeanokoites;Planomicrobium;Firmicutes;Butyrate_kinase;361;buk;354286..355371;https://www.ncbi.nlm.nih.gov/protein/WP_117312203.1;https://www.ncbi.nlm.nih.gov/nuccore/1468408423
Prevotella_denticola;Prevotella;Bacteroidetes;Butyrate_kinase;354;buk;2294..3358;https://www.ncbi.nlm.nih.gov/protein/WP_004352362.1;https://www.ncbi.nlm.nih.gov/nuccore/NZ_JRNO01000072.1
Prevotella_histicola;Prevotella;Bacteroidetes;Butyrate_kinase;354;buk;12478..13542;https://www.ncbi.nlm.nih.gov/protein/WP_025790625.1;https://www.ncbi.nlm.nih.gov/nuccore/NZ_CAUTPC010000042.1
Prevotella_intermedia;Prevotella;Bacteroidetes;Butyrate_kinase;354;buk;98405..99469;https://www.ncbi.nlm.nih.gov/protein/WP_014708385.1;https://www.ncbi.nlm.nih.gov/nuccore/NZ_NSMA01000007.1
Prevotella_lacticifex;Prevotella;Bacteroidetes;Butyrate_kinase;348;buk;NA;https://www.ncbi.nlm.nih.gov/protein/WP_223927009.1;https://www.ncbi.nlm.nih.gov/nuccore/2102705116
Prevotella_melaninogenica;Prevotella;Bacteroidetes;Butyrate_kinase;354;buk;43169..44233;https://www.ncbi.nlm.nih.gov/protein/WP_004361106.1;https://www.ncbi.nlm.nih.gov/nuccore/NZ_GG740021.1
Prevotella_nigrescens;Prevotella;Bacteroidetes;Butyrate_kinase;354;buk;12204..13268;https://www.ncbi.nlm.nih.gov/protein/WP_004363797.1;https://www.ncbi.nlm.nih.gov/nuccore/NZ_JAHXCG010000002.1
Prevotella_pallens;Prevotella;Bacteroidetes;Butyrate_kinase;354;buk;95185..96249;https://www.ncbi.nlm.nih.gov/protein/WP_006046324.1;https://www.ncbi.nlm.nih.gov/nuccore/NZ_CAUSOK010000001.1
Prevotellamassilia_timonensis;Prevotellamassilia;Bacteroidetes;Butyrate_kinase;357;buk;1224..2297;https://www.ncbi.nlm.nih.gov/protein/WP_071121837.1;https://www.ncbi.nlm.nih.gov/nuccore/NZ_JAXUZB010000066.1
Priestia_aryabhattai;Priestia;Firmicutes;Butyrate_kinase;361;VL11_11065;455755..456840;https://www.ncbi.nlm.nih.gov/protein/KML29284.1;https://www.ncbi.nlm.nih.gov/nuccore/848319111
Priestia_megaterium;Priestia;Firmicutes;Butyrate_kinase;361;buk;351876..352961;https://www.ncbi.nlm.nih.gov/protein/WP_013084978.1;https://www.ncbi.nlm.nih.gov/nuccore/NZ_JARMUU010000019.1
Propioniciclava_tarda;Propioniciclava;Actinobacteria;Butyrate_kinase;385;buk;25484..26641;https://www.ncbi.nlm.nih.gov/protein/TBT94805.1;https://www.ncbi.nlm.nih.gov/nuccore/1585468613
Pseudothermotoga_lettingae;Pseudothermotoga;Thermotogota;Butyrate_kinase;368;buk;1529..2635;https://www.ncbi.nlm.nih.gov/protein/WP_012003793.1;https://www.ncbi.nlm.nih.gov/nuccore/NZ_LGFF01000083.1
Pseudothermotoga_thermarum;Pseudothermotoga;Thermotogota;Butyrate_kinase;355;Theth_1837;1859328..1860395;https://www.ncbi.nlm.nih.gov/protein/AEH51879.1;https://www.ncbi.nlm.nih.gov/nuccore/335364163
Roseobacter_denitrificans;Roseobacter;Proteobacteria;Butyrate_kinase;366;buk;560290..561390;https://www.ncbi.nlm.nih.gov/protein/WP_011567136.1;https://www.ncbi.nlm.nih.gov/nuccore/NZ_FOOO01000001.1
Roseovarius_pacificus;Roseovarius;Proteobacteria;Butyrate_kinase;367;SAMN05444398_1011014;1054248..1055351;https://www.ncbi.nlm.nih.gov/protein/SHL21231.1;https://www.ncbi.nlm.nih.gov/nuccore/1110199743
Rossellomorea_marisflavi;Rossellomorea;Firmicutes;Butyrate_kinase;369;VL03_12615;233210..234319;https://www.ncbi.nlm.nih.gov/protein/KMK93708.1;https://www.ncbi.nlm.nih.gov/nuccore/848283151
Salinicoccus_roseus;Salinicoccus;Firmicutes;Butyrate_kinase;354;SN16_00670;124863..125927;https://www.ncbi.nlm.nih.gov/protein/KIH71911.1;https://www.ncbi.nlm.nih.gov/nuccore/748404054
Salinivirga_cyanobacteriivorans;Salinivirga;Bacteroidetes;Butyrate_kinase_2;359;buk2_3;3528498..3529577;https://www.ncbi.nlm.nih.gov/protein/ALO16534.1;https://www.ncbi.nlm.nih.gov/nuccore/952475893
Sedimentibacter_hydroxybenzoicus;Sedimentibacter;Firmicutes;Butyrate_kinase;357;buk;24102..25175;https://www.ncbi.nlm.nih.gov/protein/WP_179238188.1;https://www.ncbi.nlm.nih.gov/nuccore/1869110794
Sedimentibacter_saalensis;Sedimentibacter;Firmicutes;Butyrate_kinase;354;LY60_01950;381003..382067;https://www.ncbi.nlm.nih.gov/protein/TWH80688.1;https://www.ncbi.nlm.nih.gov/nuccore/1716152580
Sediminispirochaeta_smaragdinae;Sediminispirochaeta;Spirochaetota;Butyrate_kinase;356;Spirs_0269;275505..276575;https://www.ncbi.nlm.nih.gov/protein/ADK79425.1;https://www.ncbi.nlm.nih.gov/nuccore/301633733
Segatella_buccae;Segatella;Bacteroidetes;Butyrate_kinase;353;buk;348050..349111;https://www.ncbi.nlm.nih.gov/protein/WP_004340374.1;https://www.ncbi.nlm.nih.gov/nuccore/288924552
Sporanaerobacter_acetigenes;Sporanaerobacter;Firmicutes;Butyrate_kinase;357;buk;27775..28848;https://www.ncbi.nlm.nih.gov/protein/WP_072744267.1;https://www.ncbi.nlm.nih.gov/nuccore/NZ_SETF01000004.1
Sporolituus_thermophilus;Sporolituus;Firmicutes;Butyrate_kinase;357;buk;74377..75450;https://www.ncbi.nlm.nih.gov/protein/WP_093688590.1;https://www.ncbi.nlm.nih.gov/nuccore/1225690391
Sporomusa_acidovorans;Sporomusa;Firmicutes;Butyrate_kinase;360;SAMN04488499_105411;13507..14589;https://www.ncbi.nlm.nih.gov/protein/SDF51164.1;https://www.ncbi.nlm.nih.gov/nuccore/1087191626
Sporomusa_malonica;Sporomusa;Firmicutes;Butyrate_kinase;357;SAMN04488500_1135;4813..5886;https://www.ncbi.nlm.nih.gov/protein/SMC91015.1;https://www.ncbi.nlm.nih.gov/nuccore/1175056728
Sporomusa_ovata;Sporomusa;Firmicutes;Butyrate_kinase;356;buk;71990..73060;https://www.ncbi.nlm.nih.gov/protein/WP_021170076.1;https://www.ncbi.nlm.nih.gov/nuccore/NZ_KE384078.1
Sporomusa_silvacetica;Sporomusa;Firmicutes;Butyrate_kinase;357;buk;21595..22668;https://www.ncbi.nlm.nih.gov/protein/WP_094602743.1;https://www.ncbi.nlm.nih.gov/nuccore/1233959050
Sporomusa_sphaeroides;Sporomusa;Firmicutes;Butyrate_kinase;356;buk;171488..172558;https://www.ncbi.nlm.nih.gov/protein/WP_075755238.1;https://www.ncbi.nlm.nih.gov/nuccore/NZ_FCOW01000001.1
Sporomusa_termitida;Sporomusa;Firmicutes;Butyrate_kinase_2;357;buk2_1;2257534..2258607;https://www.ncbi.nlm.nih.gov/protein/QDR80789.1;https://www.ncbi.nlm.nih.gov/nuccore/1710409573
Sporosarcina_luteola;Sporosarcina;Firmicutes;Butyrate_kinase;360;buk;28752..29834;https://www.ncbi.nlm.nih.gov/protein/WP_147058906.1;https://www.ncbi.nlm.nih.gov/nuccore/1724304138
Staphylococcus_agnetis;Staphylococcus;Firmicutes;Butyrate_kinase;352;SAGN_10715;32509..33567;https://www.ncbi.nlm.nih.gov/protein/KFE40902.1;https://www.ncbi.nlm.nih.gov/nuccore/670013329
Staphylococcus_carnosus;Staphylococcus;Firmicutes;Butyrate_kinase;352;buk;91..1149;https://www.ncbi.nlm.nih.gov/protein/WP_015900390.1;https://www.ncbi.nlm.nih.gov/nuccore/NZ_PPRE01000075.1
Staphylococcus_chromogenes;Staphylococcus;Firmicutes;Butyrate_kinase;352;buk;91502..92560;https://www.ncbi.nlm.nih.gov/protein/WP_037573848.1;https://www.ncbi.nlm.nih.gov/nuccore/NZ_JAHWQV010000011.1
Staphylococcus_coagulans;Staphylococcus;Firmicutes;Butyrate_kinase;352;buk;81604..82662;https://www.ncbi.nlm.nih.gov/protein/WP_050330833.1;https://www.ncbi.nlm.nih.gov/nuccore/NZ_JARJEU010000004.1
Staphylococcus_condimenti;Staphylococcus;Firmicutes;Butyrate_kinase;352;buk;12827..13885;https://www.ncbi.nlm.nih.gov/protein/WP_047131017.1;https://www.ncbi.nlm.nih.gov/nuccore/NZ_PPQY01000084.1
Staphylococcus_delphini;Staphylococcus;Firmicutes;Butyrate_kinase;352;buk;1766..2824;https://www.ncbi.nlm.nih.gov/protein/WP_019165253.1;https://www.ncbi.nlm.nih.gov/nuccore/484031191
Staphylococcus_equorum;Staphylococcus;Firmicutes;Butyrate_kinase;353;buk;30847..31908;https://www.ncbi.nlm.nih.gov/protein/WP_002512445.1;https://www.ncbi.nlm.nih.gov/nuccore/NZ_PPQL01000044.1
Staphylococcus_hyicus;Staphylococcus;Firmicutes;Butyrate_kinase;352;buk;1417025..1418083;https://www.ncbi.nlm.nih.gov/protein/AJC96141.1;https://www.ncbi.nlm.nih.gov/nuccore/744780029
Staphylococcus_pettenkoferi;Staphylococcus;Firmicutes;Butyrate_kinase;353;buk;28818..29879;https://www.ncbi.nlm.nih.gov/protein/WP_002472800.1;https://www.ncbi.nlm.nih.gov/nuccore/NZ_JANSLJ010000016.1
Staphylococcus_pseudintermedius;Staphylococcus;Firmicutes;Butyrate_kinase;352;buk;37874..38932;https://www.ncbi.nlm.nih.gov/protein/WP_014613847.1;https://www.ncbi.nlm.nih.gov/nuccore/NZ_JARAAD010000006.1
Staphylococcus_pseudoxylosus;Staphylococcus;Firmicutes;Butyrate_kinase;353;buk;304360..305421;https://www.ncbi.nlm.nih.gov/protein/WP_107531781.1;https://www.ncbi.nlm.nih.gov/nuccore/NZ_JAMWVV010000002.1
Staphylococcus_schleiferi;Staphylococcus;Firmicutes;Butyrate_kinase;352;LH95_06195;1305829..1306887;https://www.ncbi.nlm.nih.gov/protein/AKS67060.1;https://www.ncbi.nlm.nih.gov/nuccore/908227959
Staphylococcus_shinii;Staphylococcus;Firmicutes;Butyrate_kinase;353;buk;12539..13600;https://www.ncbi.nlm.nih.gov/protein/WP_039068385.1;https://www.ncbi.nlm.nih.gov/nuccore/NZ_QXUJ01000051.1
Staphylococcus_simulans;Staphylococcus;Firmicutes;Butyrate_kinase;352;buk;19556..20614;https://www.ncbi.nlm.nih.gov/protein/WP_023015165.1;https://www.ncbi.nlm.nih.gov/nuccore/NZ_PZGM01000021.1
Staphylococcus_xylosus;Staphylococcus;Firmicutes;Butyrate_kinase;353;buk;513195..514256;https://www.ncbi.nlm.nih.gov/protein/WP_017724553.1;https://www.ncbi.nlm.nih.gov/nuccore/484105087
Streptococcus_halichoeri;Streptococcus;Firmicutes;Butyrate_kinase;354;buk;92786..93850;https://www.ncbi.nlm.nih.gov/protein/WP_159542996.1;https://www.ncbi.nlm.nih.gov/nuccore/NZ_WLZD01000001.1
Streptococcus_pneumoniae;Streptococcus;Firmicutes;Butyrate_kinase_2;140;buk2;995..1417;https://www.ncbi.nlm.nih.gov/protein/CKG46846.1;https://www.ncbi.nlm.nih.gov/nuccore/814312116
Streptococcus_porcinus;Streptococcus;Firmicutes;Butyrate_kinase;356;buk;23170..24240;https://www.ncbi.nlm.nih.gov/protein/WP_093959207.1;https://www.ncbi.nlm.nih.gov/nuccore/NZ_FZQN01000005.1
Streptococcus_pseudoporcinus;Streptococcus;Firmicutes;Butyrate_kinase;356;buk;44550..45620;https://www.ncbi.nlm.nih.gov/protein/WP_007893691.1;https://www.ncbi.nlm.nih.gov/nuccore/313890293
Sunxiuqinia_elliptica;Sunxiuqinia;Bacteroidetes;Butyrate_kinase;366;SAMN05216283_10822;26054..27154;https://www.ncbi.nlm.nih.gov/protein/SFF50799.1;https://www.ncbi.nlm.nih.gov/nuccore/1098130621
Syntrophotalea_acetylenica;Syntrophotalea;Thermodesulfobacteria;Butyrate_kinase;360;A7E75_02135;463821..464903;https://www.ncbi.nlm.nih.gov/protein/APG23953.1;https://www.ncbi.nlm.nih.gov/nuccore/1109390198
Tenacibaculum_dicentrarchi;Tenacibaculum;Bacteroidetes;Butyrate_kinase;354;AUW17_07845;1816770..1817834;https://www.ncbi.nlm.nih.gov/protein/ALU75179.1;https://www.ncbi.nlm.nih.gov/nuccore/970867866
Tenacibaculum_finnmarkense;Tenacibaculum;Bacteroidetes;Butyrate_kinase;354;buk;66597..67661;https://www.ncbi.nlm.nih.gov/protein/SOS51128.1;https://www.ncbi.nlm.nih.gov/nuccore/1317030364
Tepidimicrobium_xylanilyticum;Tepidimicrobium;Firmicutes;Butyrate_kinase;358;SAMN05660923_01083;218543..219619;https://www.ncbi.nlm.nih.gov/protein/SDW66372.1;https://www.ncbi.nlm.nih.gov/nuccore/1088789062
Tepiditoga_spiralis;Tepiditoga;Thermotogota;Butyrate_kinase;355;Buk;NA;https://www.ncbi.nlm.nih.gov/protein/WP_190615187.1;https://www.ncbi.nlm.nih.gov/nuccore/1909734577
Thermanaerovibrio_acidaminovorans;Thermanaerovibrio;Synergistota;Butyrate_kinase;359;buk;118420..119499;https://www.ncbi.nlm.nih.gov/protein/WP_012869206.1;https://www.ncbi.nlm.nih.gov/nuccore/NZ_DAIPFO010000003.1
Thermanaerovibrio_velox;Thermanaerovibrio;Synergistota;Butyrate_kinase;358;buk;NA;https://www.ncbi.nlm.nih.gov/protein/WP_006583828.1;https://www.ncbi.nlm.nih.gov/nuccore/365872895
Thermoactinomyces_vulgaris;Thermoactinomyces;Firmicutes;Butyrate_kinase;369;ADL26_00295;57349..58458;https://www.ncbi.nlm.nih.gov/protein/KPC77951.1;https://www.ncbi.nlm.nih.gov/nuccore/928421449
Thermohalobacter_berrensis;Thermohalobacter;Firmicutes;Butyrate_kinase;358;BET03_04675;5093..6169;https://www.ncbi.nlm.nih.gov/protein/RKD30002.1;https://www.ncbi.nlm.nih.gov/nuccore/1485339325
Thermosinus_carboxydivorans;Thermosinus;Firmicutes;Butyrate_kinase;355;buk;23895..24962;https://www.ncbi.nlm.nih.gov/protein/WP_007287978.1;https://www.ncbi.nlm.nih.gov/nuccore/121533276
Thermosipho_africanus;Thermosipho;Thermotogota;Butyrate_kinase;363;buk;88039..89130;https://www.ncbi.nlm.nih.gov/protein/WP_004103999.1;https://www.ncbi.nlm.nih.gov/nuccore/419760938
Thermosipho_melanesiensis;Thermosipho;Thermotogota;Butyrate_kinase;363;buk;108123..109214;https://www.ncbi.nlm.nih.gov/protein/WP_012056346.1;https://www.ncbi.nlm.nih.gov/nuccore/NZ_JYCX01000001.1
Thermotoga_maritima;Thermotoga;Thermotogota;Butyrate_kinase;357;THMC_1796;1720113..1721186;https://www.ncbi.nlm.nih.gov/protein/AKE27636.1;https://www.ncbi.nlm.nih.gov/nuccore/811629352
Thermotoga_neapolitana;Thermotoga;Thermotogota;Butyrate_kinase;357;buk;141580..142653;https://www.ncbi.nlm.nih.gov/protein/WP_015919437.1;https://www.ncbi.nlm.nih.gov/nuccore/NZ_ASGQ01000010.1
Thermotoga_petrophila;Thermotoga;Thermotogota;Butyrate_kinase;375;buk;69802..70929;https://www.ncbi.nlm.nih.gov/protein/WP_012896322.1;https://www.ncbi.nlm.nih.gov/nuccore/NZ_DAITJQ010000004.1
Thermotomaculum_hydrothermale;Thermotomaculum;Acidobacteria;Butyrate_kinase;355;TTHT_0854;883330..884397;https://www.ncbi.nlm.nih.gov/protein/BBB32416.1;https://www.ncbi.nlm.nih.gov/nuccore/1941646770
Thermovirga_lienii;Thermovirga;Synergistota;Butyrate_kinase;363;buk;2040..3131;https://www.ncbi.nlm.nih.gov/protein/WP_334139685.1;https://www.ncbi.nlm.nih.gov/nuccore/2687507668
Tissierella_praeacuta;Tissierella;Firmicutes;Butyrate_kinase;355;buk;100543..101610;https://www.ncbi.nlm.nih.gov/protein/WP_072975468.1;https://www.ncbi.nlm.nih.gov/nuccore/NZ_FQTY01000006.1
Tractidigestivibacter_scatoligenes;Tractidigestivibacter;Actinobacteria;Butyrate_kinase;374;AUL39_08975;77307..78431;https://www.ncbi.nlm.nih.gov/protein/KUH57815.1;https://www.ncbi.nlm.nih.gov/nuccore/971800348
Vagococcus_carniphilus;Vagococcus;Firmicutes;Butyrate_kinase;376;CBF28_05930;215708..216838;https://www.ncbi.nlm.nih.gov/protein/RSU15965.1;https://www.ncbi.nlm.nih.gov/nuccore/1537097957
Vagococcus_fluvialis;Vagococcus;Firmicutes;Butyrate_kinase;365;buk;357609..358706;https://www.ncbi.nlm.nih.gov/protein/WP_086342255.1;https://www.ncbi.nlm.nih.gov/nuccore/2005360924
Vagococcus_lutrae;Vagococcus;Firmicutes;Butyrate_kinase;359;buk;65459..66538;https://www.ncbi.nlm.nih.gov/protein/WP_023605416.1;https://www.ncbi.nlm.nih.gov/nuccore/560219046
Vagococcus_penaei;Vagococcus;Firmicutes;Butyrate_kinase;354;BW732_02730;572045..573109;https://www.ncbi.nlm.nih.gov/protein/AQP53254.1;https://www.ncbi.nlm.nih.gov/nuccore/1146017361
Vagococcus_salmoninarum;Vagococcus;Firmicutes;Butyrate_kinase;356;CBF35_10375;76525..77595;https://www.ncbi.nlm.nih.gov/protein/RST94367.1;https://www.ncbi.nlm.nih.gov/nuccore/1537076184
Vibrio_hangzhouensis;Vibrio;Proteobacteria;Butyrate_kinase;354;SAMN04488244_11028;32028..33092;https://www.ncbi.nlm.nih.gov/protein/SEG27651.1;https://www.ncbi.nlm.nih.gov/nuccore/1090774280
Vibrio_mediterranei;Vibrio;Proteobacteria;Butyrate_kinase;355;BSZ05_01035;230131..231198;https://www.ncbi.nlm.nih.gov/protein/ASI88508.1;https://www.ncbi.nlm.nih.gov/nuccore/1214532358
Xylanibacter_ruminicola;Xylanibacter;Bacteroidetes;Butyrate_kinase;356;buk;NA;https://www.ncbi.nlm.nih.gov/protein/WP_036908112.1;NA
